자연,성산일출봉,20190101,47
자연,성산일출봉,20190102,27
자연,성산일출봉,20190103,29
자연,성산일출봉,20190104,18
자연,성산일출봉,20190105,16
자연,성산일출봉,20190106,9
자연,성산일출봉,20190107,17
자연,성산일출봉,20190108,19
자연,성산일출봉,20190109,18
자연,성산일출봉,20190110,21
자연,성산일출봉,20190111,17
자연,성산일출봉,20190112,12
자연,성산일출봉,20190113,14
자연,성산일출봉,20190114,14
자연,성산일출봉,20190115,9
자연,성산일출봉,20190116,16
자연,성산일출봉,20190117,17
자연,성산일출봉,20190118,22
자연,성산일출봉,20190119,16
자연,성산일출봉,20190120,12
자연,성산일출봉,20190121,12
자연,성산일출봉,20190122,14
자연,성산일출봉,20190123,15
자연,성산일출봉,20190124,11
자연,성산일출봉,20190125,15
자연,성산일출봉,20190126,15
자연,성산일출봉,20190127,13
자연,성산일출봉,20190128,12
자연,성산일출봉,20190129,14
자연,성산일출봉,20190130,17
자연,성산일출봉,20190131,21
자연,송악산,20190101,8
자연,송악산,20190102,14
자연,송악산,20190103,16
자연,송악산,20190104,8
자연,송악산,20190105,12
자연,송악산,20190106,9
자연,송악산,20190107,6
자연,송악산,20190108,6
자연,송악산,20190109,4
자연,송악산,20190110,5
자연,송악산,20190111,10
자연,송악산,20190112,7
자연,송악산,20190113,7
자연,송악산,20190114,10
자연,송악산,20190115,7
자연,송악산,20190116,10
자연,송악산,20190117,13
자연,송악산,20190118,4
자연,송악산,20190119,8
자연,송악산,20190120,7
자연,송악산,20190121,3
자연,송악산,20190122,9
자연,송악산,20190123,4
자연,송악산,20190124,6
자연,송악산,20190125,5
자연,송악산,20190126,10
자연,송악산,20190127,8
자연,송악산,20190128,16
자연,송악산,20190129,10
자연,송악산,20190130,11
자연,송악산,20190131,11
자연,추자도,20190101,8
자연,추자도,20190102,9
자연,추자도,20190103,6
자연,추자도,20190104,7
자연,추자도,20190105,3
자연,추자도,20190106,8
자연,추자도,20190107,4
자연,추자도,20190108,5
자연,추자도,20190109,5
자연,추자도,20190110,6
자연,추자도,20190111,5
자연,추자도,20190112,4
자연,추자도,20190113,6
자연,추자도,20190114,3
자연,추자도,20190115,9
자연,추자도,20190116,7
자연,추자도,20190117,9
자연,추자도,20190118,6
자연,추자도,20190119,3
자연,추자도,20190120,1
자연,추자도,20190121,8
자연,추자도,20190122,6
자연,추자도,20190123,5
자연,추자도,20190124,5
자연,추자도,20190125,3
자연,추자도,20190126,3
자연,추자도,20190127,6
자연,추자도,20190128,3
자연,추자도,20190129,10
자연,추자도,20190130,11
자연,추자도,20190131,7
자연,백록담,20190101,24
자연,백록담,20190102,22
자연,백록담,20190103,26
자연,백록담,20190104,18
자연,백록담,20190105,17
자연,백록담,20190106,22
자연,백록담,20190107,13
자연,백록담,20190108,14
자연,백록담,20190109,28
자연,백록담,20190110,10
자연,백록담,20190111,18
자연,백록담,20190112,18
자연,백록담,20190113,18
자연,백록담,20190114,22
자연,백록담,20190115,20
자연,백록담,20190116,22
자연,백록담,20190117,16
자연,백록담,20190118,15
자연,백록담,20190119,19
자연,백록담,20190120,10
자연,백록담,20190121,18
자연,백록담,20190122,15
자연,백록담,20190123,17
자연,백록담,20190124,20
자연,백록담,20190125,29
자연,백록담,20190126,11
자연,백록담,20190127,10
자연,백록담,20190128,13
자연,백록담,20190129,17
자연,백록담,20190130,22
자연,백록담,20190131,17
자연,성산일출봉,20190201,15
자연,성산일출봉,20190202,6
자연,성산일출봉,20190203,17
자연,성산일출봉,20190204,7
자연,성산일출봉,20190205,15
자연,성산일출봉,20190206,17
자연,성산일출봉,20190207,25
자연,성산일출봉,20190208,13
자연,성산일출봉,20190209,8
자연,성산일출봉,20190210,7
자연,성산일출봉,20190211,16
자연,성산일출봉,20190212,17
자연,성산일출봉,20190213,17
자연,성산일출봉,20190214,14
자연,성산일출봉,20190215,13
자연,성산일출봉,20190216,14
자연,성산일출봉,20190217,12
자연,성산일출봉,20190218,13
자연,성산일출봉,20190219,17
자연,성산일출봉,20190220,17
자연,성산일출봉,20190221,12
자연,성산일출봉,20190222,8
자연,성산일출봉,20190223,18
자연,성산일출봉,20190224,18
자연,성산일출봉,20190225,20
자연,성산일출봉,20190226,16
자연,성산일출봉,20190227,23
자연,성산일출봉,20190228,18
자연,송악산,20190201,12
자연,송악산,20190202,6
자연,송악산,20190203,9
자연,송악산,20190204,9
자연,송악산,20190205,3
자연,송악산,20190206,8
자연,송악산,20190207,13
자연,송악산,20190208,9
자연,송악산,20190209,6
자연,송악산,20190210,6
자연,송악산,20190211,5
자연,송악산,20190212,10
자연,송악산,20190213,12
자연,송악산,20190214,5
자연,송악산,20190215,8
자연,송악산,20190216,8
자연,송악산,20190217,8
자연,송악산,20190218,8
자연,송악산,20190219,10
자연,송악산,20190220,14
자연,송악산,20190221,9
자연,송악산,20190222,7
자연,송악산,20190223,12
자연,송악산,20190224,5
자연,송악산,20190225,15
자연,송악산,20190226,14
자연,송악산,20190227,8
자연,송악산,20190228,7
자연,추자도,20190201,6
자연,추자도,20190202,3
자연,추자도,20190203,4
자연,추자도,20190204,4
자연,추자도,20190205,3
자연,추자도,20190206,3
자연,추자도,20190207,5
자연,추자도,20190208,4
자연,추자도,20190209,3
자연,추자도,20190210,5
자연,추자도,20190211,4
자연,추자도,20190212,6
자연,추자도,20190213,2
자연,추자도,20190214,5
자연,추자도,20190215,2
자연,추자도,20190216,6
자연,추자도,20190217,1
자연,추자도,20190218,3
자연,추자도,20190219,2
자연,추자도,20190220,4
자연,추자도,20190221,11
자연,추자도,20190222,11
자연,추자도,20190223,6
자연,추자도,20190224,3
자연,추자도,20190225,3
자연,추자도,20190226,9
자연,추자도,20190227,9
자연,추자도,20190228,6
자연,백록담,20190201,18
자연,백록담,20190202,9
자연,백록담,20190203,12
자연,백록담,20190204,14
자연,백록담,20190205,15
자연,백록담,20190206,7
자연,백록담,20190207,24
자연,백록담,20190208,17
자연,백록담,20190209,11
자연,백록담,20190210,20
자연,백록담,20190211,21
자연,백록담,20190212,17
자연,백록담,20190213,12
자연,백록담,20190214,15
자연,백록담,20190215,14
자연,백록담,20190216,10
자연,백록담,20190217,11
자연,백록담,20190218,21
자연,백록담,20190219,17
자연,백록담,20190220,14
자연,백록담,20190221,10
자연,백록담,20190222,17
자연,백록담,20190223,7
자연,백록담,20190224,20
자연,백록담,20190225,16
자연,백록담,20190226,19
자연,백록담,20190227,13
자연,백록담,20190228,15
자연,성산일출봉,20190301,14
자연,성산일출봉,20190302,9
자연,성산일출봉,20190303,16
자연,성산일출봉,20190304,13
자연,성산일출봉,20190305,16
자연,성산일출봉,20190306,16
자연,성산일출봉,20190307,16
자연,성산일출봉,20190308,11
자연,성산일출봉,20190309,15
자연,성산일출봉,20190310,19
자연,성산일출봉,20190311,14
자연,성산일출봉,20190312,20
자연,성산일출봉,20190313,23
자연,성산일출봉,20190314,16
자연,성산일출봉,20190315,14
자연,성산일출봉,20190316,15
자연,성산일출봉,20190317,13
자연,성산일출봉,20190318,17
자연,성산일출봉,20190319,23
자연,성산일출봉,20190320,16
자연,성산일출봉,20190321,14
자연,성산일출봉,20190322,12
자연,성산일출봉,20190323,13
자연,성산일출봉,20190324,10
자연,성산일출봉,20190325,13
자연,성산일출봉,20190326,18
자연,성산일출봉,20190327,17
자연,성산일출봉,20190328,15
자연,성산일출봉,20190329,9
자연,성산일출봉,20190330,12
자연,성산일출봉,20190331,18
자연,송악산,20190301,9
자연,송악산,20190302,5
자연,송악산,20190303,6
자연,송악산,20190304,11
자연,송악산,20190305,6
자연,송악산,20190306,14
자연,송악산,20190307,22
자연,송악산,20190308,8
자연,송악산,20190309,11
자연,송악산,20190310,8
자연,송악산,20190311,8
자연,송악산,20190312,16
자연,송악산,20190313,15
자연,송악산,20190314,11
자연,송악산,20190315,11
자연,송악산,20190316,7
자연,송악산,20190317,6
자연,송악산,20190318,13
자연,송악산,20190319,5
자연,송악산,20190320,12
자연,송악산,20190321,10
자연,송악산,20190322,10
자연,송악산,20190323,6
자연,송악산,20190324,9
자연,송악산,20190325,11
자연,송악산,20190326,15
자연,송악산,20190327,13
자연,송악산,20190328,12
자연,송악산,20190329,9
자연,송악산,20190330,8
자연,송악산,20190331,5
자연,추자도,20190301,8
자연,추자도,20190302,5
자연,추자도,20190303,2
자연,추자도,20190304,5
자연,추자도,20190305,7
자연,추자도,20190306,3
자연,추자도,20190307,6
자연,추자도,20190308,14
자연,추자도,20190309,8
자연,추자도,20190310,4
자연,추자도,20190311,2
자연,추자도,20190312,4
자연,추자도,20190313,2
자연,추자도,20190314,5
자연,추자도,20190315,6
자연,추자도,20190316,2
자연,추자도,20190317,5
자연,추자도,20190318,5
자연,추자도,20190319,6
자연,추자도,20190320,4
자연,추자도,20190321,7
자연,추자도,20190322,4
자연,추자도,20190323,1
자연,추자도,20190324,3
자연,추자도,20190325,4
자연,추자도,20190326,3
자연,추자도,20190327,9
자연,추자도,20190328,2
자연,추자도,20190329,6
자연,추자도,20190330,8
자연,추자도,20190331,7
자연,백록담,20190301,13
자연,백록담,20190302,9
자연,백록담,20190303,7
자연,백록담,20190304,9
자연,백록담,20190305,15
자연,백록담,20190306,14
자연,백록담,20190307,17
자연,백록담,20190308,7
자연,백록담,20190309,11
자연,백록담,20190310,6
자연,백록담,20190311,18
자연,백록담,20190312,12
자연,백록담,20190313,11
자연,백록담,20190314,15
자연,백록담,20190315,11
자연,백록담,20190316,6
자연,백록담,20190317,9
자연,백록담,20190318,12
자연,백록담,20190319,12
자연,백록담,20190320,13
자연,백록담,20190321,14
자연,백록담,20190322,7
자연,백록담,20190323,8
자연,백록담,20190324,7
자연,백록담,20190325,15
자연,백록담,20190326,7
자연,백록담,20190327,9
자연,백록담,20190328,14
자연,백록담,20190329,16
자연,백록담,20190330,7
자연,백록담,20190331,7
자연,성산일출봉,20190401,18
자연,성산일출봉,20190402,16
자연,성산일출봉,20190403,11
자연,성산일출봉,20190404,18
자연,성산일출봉,20190405,19
자연,성산일출봉,20190406,10
자연,성산일출봉,20190407,14
자연,성산일출봉,20190408,16
자연,성산일출봉,20190409,15
자연,성산일출봉,20190410,15
자연,성산일출봉,20190411,14
자연,성산일출봉,20190412,22
자연,성산일출봉,20190413,9
자연,성산일출봉,20190414,14
자연,성산일출봉,20190415,19
자연,성산일출봉,20190416,16
자연,성산일출봉,20190417,17
자연,성산일출봉,20190418,14
자연,성산일출봉,20190419,18
자연,성산일출봉,20190420,15
자연,성산일출봉,20190421,14
자연,성산일출봉,20190422,19
자연,성산일출봉,20190423,9
자연,성산일출봉,20190424,19
자연,성산일출봉,20190425,8
자연,성산일출봉,20190426,15
자연,성산일출봉,20190427,9
자연,성산일출봉,20190428,13
자연,성산일출봉,20190429,20
자연,성산일출봉,20190430,13
자연,송악산,20190401,7
자연,송악산,20190402,8
자연,송악산,20190403,13
자연,송악산,20190404,13
자연,송악산,20190405,10
자연,송악산,20190406,12
자연,송악산,20190407,3
자연,송악산,20190408,6
자연,송악산,20190409,19
자연,송악산,20190410,10
자연,송악산,20190411,10
자연,송악산,20190412,12
자연,송악산,20190413,7
자연,송악산,20190414,9
자연,송악산,20190415,14
자연,송악산,20190416,8
자연,송악산,20190417,12
자연,송악산,20190418,17
자연,송악산,20190419,8
자연,송악산,20190420,6
자연,송악산,20190421,3
자연,송악산,20190422,15
자연,송악산,20190423,11
자연,송악산,20190424,17
자연,송악산,20190425,9
자연,송악산,20190426,8
자연,송악산,20190427,6
자연,송악산,20190428,9
자연,송악산,20190429,7
자연,송악산,20190430,12
자연,추자도,20190401,5
자연,추자도,20190402,1
자연,추자도,20190403,7
자연,추자도,20190404,5
자연,추자도,20190405,7
자연,추자도,20190406,2
자연,추자도,20190407,5
자연,추자도,20190408,8
자연,추자도,20190409,4
자연,추자도,20190410,3
자연,추자도,20190411,5
자연,추자도,20190412,2
자연,추자도,20190413,1
자연,추자도,20190414,2
자연,추자도,20190415,11
자연,추자도,20190416,4
자연,추자도,20190417,10
자연,추자도,20190418,7
자연,추자도,20190419,11
자연,추자도,20190420,4
자연,추자도,20190421,4
자연,추자도,20190422,8
자연,추자도,20190423,7
자연,추자도,20190424,5
자연,추자도,20190425,8
자연,추자도,20190426,3
자연,추자도,20190427,7
자연,추자도,20190428,4
자연,추자도,20190429,12
자연,추자도,20190430,10
자연,백록담,20190401,19
자연,백록담,20190402,10
자연,백록담,20190403,13
자연,백록담,20190404,11
자연,백록담,20190405,6
자연,백록담,20190406,10
자연,백록담,20190407,7
자연,백록담,20190408,11
자연,백록담,20190409,10
자연,백록담,20190410,19
자연,백록담,20190411,6
자연,백록담,20190412,8
자연,백록담,20190413,6
자연,백록담,20190414,15
자연,백록담,20190415,16
자연,백록담,20190416,10
자연,백록담,20190417,12
자연,백록담,20190418,10
자연,백록담,20190419,9
자연,백록담,20190420,5
자연,백록담,20190421,9
자연,백록담,20190422,13
자연,백록담,20190423,7
자연,백록담,20190424,6
자연,백록담,20190425,13
자연,백록담,20190426,8
자연,백록담,20190427,5
자연,백록담,20190428,8
자연,백록담,20190429,11
자연,백록담,20190430,13
자연,성산일출봉,20190501,22
자연,성산일출봉,20190502,13
자연,성산일출봉,20190503,13
자연,성산일출봉,20190504,8
자연,성산일출봉,20190505,5
자연,성산일출봉,20190506,14
자연,성산일출봉,20190507,15
자연,성산일출봉,20190508,19
자연,성산일출봉,20190509,12
자연,성산일출봉,20190510,20
자연,성산일출봉,20190511,10
자연,성산일출봉,20190512,9
자연,성산일출봉,20190513,11
자연,성산일출봉,20190514,12
자연,성산일출봉,20190515,11
자연,성산일출봉,20190516,21
자연,성산일출봉,20190517,15
자연,성산일출봉,20190518,6
자연,성산일출봉,20190519,12
자연,성산일출봉,20190520,14
자연,성산일출봉,20190521,13
자연,성산일출봉,20190522,14
자연,성산일출봉,20190523,13
자연,성산일출봉,20190524,7
자연,성산일출봉,20190525,10
자연,성산일출봉,20190526,12
자연,성산일출봉,20190527,11
자연,성산일출봉,20190528,15
자연,성산일출봉,20190529,11
자연,성산일출봉,20190530,14
자연,성산일출봉,20190531,12
자연,송악산,20190501,5
자연,송악산,20190502,17
자연,송악산,20190503,17
자연,송악산,20190504,8
자연,송악산,20190505,10
자연,송악산,20190506,9
자연,송악산,20190507,8
자연,송악산,20190508,10
자연,송악산,20190509,5
자연,송악산,20190510,12
자연,송악산,20190511,3
자연,송악산,20190512,4
자연,송악산,20190513,5
자연,송악산,20190514,9
자연,송악산,20190515,8
자연,송악산,20190516,9
자연,송악산,20190517,12
자연,송악산,20190518,3
자연,송악산,20190519,4
자연,송악산,20190520,7
자연,송악산,20190521,7
자연,송악산,20190522,13
자연,송악산,20190523,11
자연,송악산,20190524,12
자연,송악산,20190525,8
자연,송악산,20190526,5
자연,송악산,20190527,9
자연,송악산,20190528,17
자연,송악산,20190529,14
자연,송악산,20190530,10
자연,송악산,20190531,14
자연,추자도,20190501,3
자연,추자도,20190502,7
자연,추자도,20190503,14
자연,추자도,20190504,2
자연,추자도,20190505,4
자연,추자도,20190506,12
자연,추자도,20190507,10
자연,추자도,20190508,5
자연,추자도,20190509,8
자연,추자도,20190510,8
자연,추자도,20190511,2
자연,추자도,20190512,7
자연,추자도,20190513,11
자연,추자도,20190514,8
자연,추자도,20190515,6
자연,추자도,20190516,9
자연,추자도,20190517,12
자연,추자도,20190518,9
자연,추자도,20190519,3
자연,추자도,20190520,5
자연,추자도,20190521,9
자연,추자도,20190522,6
자연,추자도,20190523,7
자연,추자도,20190524,4
자연,추자도,20190525,9
자연,추자도,20190526,9
자연,추자도,20190527,8
자연,추자도,20190528,7
자연,추자도,20190529,8
자연,추자도,20190530,6
자연,추자도,20190531,2
자연,백록담,20190501,4
자연,백록담,20190502,11
자연,백록담,20190503,11
자연,백록담,20190504,6
자연,백록담,20190505,6
자연,백록담,20190506,11
자연,백록담,20190507,12
자연,백록담,20190508,6
자연,백록담,20190509,14
자연,백록담,20190510,13
자연,백록담,20190511,1
자연,백록담,20190512,12
자연,백록담,20190513,9
자연,백록담,20190514,12
자연,백록담,20190515,11
자연,백록담,20190516,17
자연,백록담,20190517,13
자연,백록담,20190518,12
자연,백록담,20190519,5
자연,백록담,20190520,9
자연,백록담,20190521,12
자연,백록담,20190522,12
자연,백록담,20190523,8
자연,백록담,20190524,10
자연,백록담,20190525,8
자연,백록담,20190526,6
자연,백록담,20190527,13
자연,백록담,20190528,15
자연,백록담,20190529,9
자연,백록담,20190530,18
자연,백록담,20190531,9
자연,성산일출봉,20190601 ,8
자연,성산일출봉,20190602 ,6
자연,성산일출봉,20190603 ,12
자연,성산일출봉,20190604 ,11
자연,성산일출봉,20190605 ,14
자연,성산일출봉,20190606 ,11
자연,성산일출봉,20190607 ,7
자연,성산일출봉,20190608 ,18
자연,성산일출봉,20190609 ,22
자연,성산일출봉,20190610 ,18
자연,성산일출봉,20190611 ,13
자연,성산일출봉,20190612 ,16
자연,성산일출봉,20190613 ,13
자연,성산일출봉,20190614 ,13
자연,성산일출봉,20190615 ,6
자연,성산일출봉,20190616 ,17
자연,성산일출봉,20190617 ,19
자연,성산일출봉,20190618 ,30
자연,성산일출봉,20190619 ,16
자연,성산일출봉,20190620 ,16
자연,성산일출봉,20190621 ,11
자연,성산일출봉,20190622 ,11
자연,성산일출봉,20190623 ,18
자연,성산일출봉,20190624 ,21
자연,성산일출봉,20190625 ,16
자연,성산일출봉,20190626 ,20
자연,성산일출봉,20190627 ,15
자연,성산일출봉,20190628 ,14
자연,성산일출봉,20190629 ,6
자연,성산일출봉,20190630 ,11
자연,송악산,20190601 ,13
자연,송악산,20190602 ,12
자연,송악산,20190603 ,12
자연,송악산,20190604 ,13
자연,송악산,20190605 ,11
자연,송악산,20190606 ,9
자연,송악산,20190607 ,6
자연,송악산,20190608 ,9
자연,송악산,20190609 ,8
자연,송악산,20190610 ,10
자연,송악산,20190611 ,6
자연,송악산,20190612 ,14
자연,송악산,20190613 ,13
자연,송악산,20190614 ,8
자연,송악산,20190615 ,3
자연,송악산,20190616 ,9
자연,송악산,20190617 ,12
자연,송악산,20190618 ,10
자연,송악산,20190619 ,14
자연,송악산,20190620 ,12
자연,송악산,20190621 ,16
자연,송악산,20190622 ,8
자연,송악산,20190623 ,9
자연,송악산,20190624 ,6
자연,송악산,20190625 ,14
자연,송악산,20190626 ,7
자연,송악산,20190627 ,10
자연,송악산,20190628 ,15
자연,송악산,20190629 ,6
자연,송악산,20190630 ,7
자연,추자도,20190601 ,4
자연,추자도,20190602 ,3
자연,추자도,20190603 ,5
자연,추자도,20190604 ,10
자연,추자도,20190605 ,3
자연,추자도,20190606 ,3
자연,추자도,20190607 ,7
자연,추자도,20190608 ,5
자연,추자도,20190609 ,4
자연,추자도,20190610 ,8
자연,추자도,20190611 ,5
자연,추자도,20190612 ,10
자연,추자도,20190613 ,8
자연,추자도,20190614 ,6
자연,추자도,20190615 ,11
자연,추자도,20190616 ,12
자연,추자도,20190617 ,10
자연,추자도,20190618 ,7
자연,추자도,20190619 ,9
자연,추자도,20190620 ,7
자연,추자도,20190621 ,5
자연,추자도,20190623 ,4
자연,추자도,20190624 ,8
자연,추자도,20190625 ,5
자연,추자도,20190626 ,7
자연,추자도,20190627 ,6
자연,추자도,20190628 ,3
자연,추자도,20190629 ,8
자연,추자도,20190630 ,4
자연,백록담,20190601 ,16
자연,백록담,20190602 ,14
자연,백록담,20190603 ,16
자연,백록담,20190604 ,9
자연,백록담,20190605 ,18
자연,백록담,20190606 ,13
자연,백록담,20190607 ,10
자연,백록담,20190608 ,11
자연,백록담,20190609 ,8
자연,백록담,20190610 ,10
자연,백록담,20190611 ,16
자연,백록담,20190612 ,13
자연,백록담,20190613 ,14
자연,백록담,20190614 ,12
자연,백록담,20190615 ,16
자연,백록담,20190616 ,7
자연,백록담,20190617 ,14
자연,백록담,20190618 ,12
자연,백록담,20190619 ,18
자연,백록담,20190620 ,9
자연,백록담,20190621 ,13
자연,백록담,20190622 ,13
자연,백록담,20190623 ,8
자연,백록담,20190624 ,9
자연,백록담,20190625 ,11
자연,백록담,20190626 ,10
자연,백록담,20190627 ,14
자연,백록담,20190628 ,17
자연,백록담,20190629 ,10
자연,백록담,20190630 ,5
