자연,가파도,20190101 ,5
자연,가파도,20190102 ,5
자연,가파도,20190103 ,4
자연,가파도,20190104 ,4
자연,가파도,20190105 ,2
자연,가파도,20190106 ,4
자연,가파도,20190107 ,4
자연,가파도,20190108 ,2
자연,가파도,20190109 ,3
자연,가파도,20190110 ,8
자연,가파도,20190111 ,5
자연,가파도,20190112 ,4
자연,가파도,20190113 ,5
자연,가파도,20190114 ,11
자연,가파도,20190115 ,3
자연,가파도,20190116 ,5
자연,가파도,20190117 ,4
자연,가파도,20190118 ,2
자연,가파도,20190119 ,6
자연,가파도,20190120 ,6
자연,가파도,20190121 ,6
자연,가파도,20190122 ,6
자연,가파도,20190123 ,3
자연,가파도,20190124 ,4
자연,가파도,20190125 ,4
자연,가파도,20190126 ,3
자연,가파도,20190127 ,1
자연,가파도,20190128 ,4
자연,가파도,20190129 ,3
자연,가파도,20190130 ,3
자연,가파도,20190131 ,2
자연,가파도,20190201 ,5
자연,가파도,20190202 ,6
자연,가파도,20190203 ,3
자연,가파도,20190204 ,9
자연,가파도,20190205 ,3
자연,가파도,20190206 ,4
자연,가파도,20190207 ,8
자연,가파도,20190208 ,7
자연,가파도,20190209 ,4
자연,가파도,20190210 ,6
자연,가파도,20190211 ,4
자연,가파도,20190212 ,3
자연,가파도,20190213 ,5
자연,가파도,20190214 ,2
자연,가파도,20190215 ,5
자연,가파도,20190216 ,6
자연,가파도,20190217 ,3
자연,가파도,20190218 ,2
자연,가파도,20190219 ,3
자연,가파도,20190220 ,1
자연,가파도,20190221 ,4
자연,가파도,20190222 ,4
자연,가파도,20190223 ,6
자연,가파도,20190224 ,2
자연,가파도,20190225 ,9
자연,가파도,20190226 ,7
자연,가파도,20190227 ,6
자연,가파도,20190228 ,8
자연,가파도,20190301 ,6
자연,마라도,20190101 ,13
자연,마라도,20190102 ,15
자연,마라도,20190103 ,25
자연,마라도,20190104 ,14
자연,마라도,20190105 ,8
자연,마라도,20190106 ,15
자연,마라도,20190107 ,10
자연,마라도,20190108 ,10
자연,마라도,20190109 ,20
자연,마라도,20190110 ,10
자연,마라도,20190111 ,12
자연,마라도,20190112 ,11
자연,마라도,20190113 ,9
자연,마라도,20190114 ,16
자연,마라도,20190115 ,7
자연,마라도,20190116 ,8
자연,마라도,20190117 ,15
자연,마라도,20190118 ,14
자연,마라도,20190119 ,11
자연,마라도,20190120 ,9
자연,마라도,20190121 ,9
자연,마라도,20190122 ,10
자연,마라도,20190123 ,5
자연,마라도,20190124 ,12
자연,마라도,20190125 ,16
자연,마라도,20190126 ,7
자연,마라도,20190127 ,6
자연,마라도,20190128 ,13
자연,마라도,20190129 ,7
자연,마라도,20190130 ,17
자연,마라도,20190131 ,15
자연,마라도,20190201 ,20
자연,마라도,20190202 ,13
자연,마라도,20190203 ,14
자연,마라도,20190204 ,12
자연,마라도,20190205 ,10
자연,마라도,20190206 ,8
자연,마라도,20190207 ,19
자연,마라도,20190208 ,14
자연,마라도,20190209 ,10
자연,마라도,20190210 ,13
자연,마라도,20190211 ,13
자연,마라도,20190212 ,14
자연,마라도,20190213 ,15
자연,마라도,20190214 ,8
자연,마라도,20190215 ,18
자연,마라도,20190216 ,9
자연,마라도,20190217 ,8
자연,마라도,20190218 ,10
자연,마라도,20190219 ,10
자연,마라도,20190220 ,8
자연,마라도,20190221 ,12
자연,마라도,20190222 ,7
자연,마라도,20190223 ,13
자연,마라도,20190224 ,13
자연,마라도,20190225 ,8
자연,마라도,20190226 ,18
자연,마라도,20190227 ,17
자연,마라도,20190228 ,19
자연,마라도,20190301 ,20
자연,비양도,20190101 ,8
자연,비양도,20190102 ,7
자연,비양도,20190103 ,14
자연,비양도,20190104 ,10
자연,비양도,20190105 ,2
자연,비양도,20190106 ,1
자연,비양도,20190107 ,6
자연,비양도,20190108 ,8
자연,비양도,20190109 ,7
자연,비양도,20190110 ,7
자연,비양도,20190111 ,11
자연,비양도,20190112 ,3
자연,비양도,20190113 ,6
자연,비양도,20190114 ,9
자연,비양도,20190115 ,6
자연,비양도,20190116 ,9
자연,비양도,20190117 ,9
자연,비양도,20190118 ,9
자연,비양도,20190119 ,6
자연,비양도,20190120 ,2
자연,비양도,20190121 ,3
자연,비양도,20190122 ,7
자연,비양도,20190123 ,5
자연,비양도,20190124 ,9
자연,비양도,20190125 ,5
자연,비양도,20190126 ,6
자연,비양도,20190127 ,8
자연,비양도,20190128 ,7
자연,비양도,20190129 ,10
자연,비양도,20190130 ,9
자연,비양도,20190131 ,4
자연,비양도,20190201 ,6
자연,비양도,20190202 ,4
자연,비양도,20190203 ,4
자연,비양도,20190204 ,5
자연,비양도,20190205 ,8
자연,비양도,20190206 ,11
자연,비양도,20190207 ,4
자연,비양도,20190208 ,5
자연,비양도,20190209 ,5
자연,비양도,20190210 ,7
자연,비양도,20190211 ,3
자연,비양도,20190212 ,8
자연,비양도,20190213 ,10
자연,비양도,20190214 ,3
자연,비양도,20190215 ,3
자연,비양도,20190216 ,1
자연,비양도,20190217 ,4
자연,비양도,20190218 ,3
자연,비양도,20190219 ,2
자연,비양도,20190220 ,6
자연,비양도,20190221 ,4
자연,비양도,20190222 ,6
자연,비양도,20190223 ,2
자연,비양도,20190224 ,2
자연,비양도,20190225 ,2
자연,비양도,20190226 ,14
자연,비양도,20190227 ,8
자연,비양도,20190228 ,3
자연,비양도,20190301 ,3
자연,비자림,20190101 ,6
자연,비자림,20190102 ,5
자연,비자림,20190103 ,6
자연,비자림,20190104 ,5
자연,비자림,20190105 ,6
자연,비자림,20190106 ,5
자연,비자림,20190107 ,10
자연,비자림,20190108 ,8
자연,비자림,20190109 ,5
자연,비자림,20190110 ,4
자연,비자림,20190111 ,5
자연,비자림,20190112 ,11
자연,비자림,20190113 ,5
자연,비자림,20190114 ,6
자연,비자림,20190115 ,6
자연,비자림,20190116 ,9
자연,비자림,20190117 ,7
자연,비자림,20190118 ,31
자연,비자림,20190119 ,16
자연,비자림,20190120 ,5
자연,비자림,20190121 ,4
자연,비자림,20190122 ,11
자연,비자림,20190123 ,4
자연,비자림,20190124 ,3
자연,비자림,20190125 ,5
자연,비자림,20190126 ,6
자연,비자림,20190127 ,4
자연,비자림,20190128 ,4
자연,비자림,20190129 ,7
자연,비자림,20190130 ,10
자연,비자림,20190131 ,2
자연,비자림,20190201 ,4
자연,비자림,20190202 ,5
자연,비자림,20190203 ,3
자연,비자림,20190204 ,2
자연,비자림,20190205 ,6
자연,비자림,20190206 ,5
자연,비자림,20190207 ,25
자연,비자림,20190208 ,8
자연,비자림,20190209 ,4
자연,비자림,20190210 ,6
자연,비자림,20190211 ,5
자연,비자림,20190212 ,2
자연,비자림,20190213 ,6
자연,비자림,20190214 ,7
자연,비자림,20190215 ,11
자연,비자림,20190216 ,7
자연,비자림,20190217 ,2
자연,비자림,20190218 ,9
자연,비자림,20190219 ,4
자연,비자림,20190220 ,6
자연,비자림,20190221 ,5
자연,비자림,20190222 ,3
자연,비자림,20190223 ,8
자연,비자림,20190224 ,4
자연,비자림,20190225 ,7
자연,비자림,20190226 ,3
자연,비자림,20190227 ,5
자연,비자림,20190228 ,7
자연,비자림,20190301 ,5
자연,산방산,20190101 ,11
자연,산방산,20190102 ,20
자연,산방산,20190103 ,14
자연,산방산,20190104 ,12
자연,산방산,20190105 ,10
자연,산방산,20190106 ,9
자연,산방산,20190107 ,15
자연,산방산,20190108 ,12
자연,산방산,20190109 ,10
자연,산방산,20190110 ,9
자연,산방산,20190111 ,7
자연,산방산,20190112 ,13
자연,산방산,20190113 ,13
자연,산방산,20190114 ,18
자연,산방산,20190115 ,9
자연,산방산,20190116 ,12
자연,산방산,20190117 ,17
자연,산방산,20190118 ,19
자연,산방산,20190119 ,19
자연,산방산,20190120 ,9
자연,산방산,20190121 ,12
자연,산방산,20190122 ,14
자연,산방산,20190123 ,18
자연,산방산,20190124 ,14
자연,산방산,20190125 ,8
자연,산방산,20190126 ,15
자연,산방산,20190127 ,8
자연,산방산,20190128 ,18
자연,산방산,20190129 ,13
자연,산방산,20190130 ,17
자연,산방산,20190131 ,19
자연,산방산,20190201 ,16
자연,산방산,20190202 ,7
자연,산방산,20190203 ,7
자연,산방산,20190204 ,13
자연,산방산,20190205 ,13
자연,산방산,20190206 ,12
자연,산방산,20190207 ,17
자연,산방산,20190208 ,19
자연,산방산,20190209 ,17
자연,산방산,20190210 ,16
자연,산방산,20190211 ,7
자연,산방산,20190212 ,20
자연,산방산,20190213 ,20
자연,산방산,20190214 ,14
자연,산방산,20190215 ,25
자연,산방산,20190216 ,15
자연,산방산,20190217 ,9
자연,산방산,20190218 ,20
자연,산방산,20190219 ,12
자연,산방산,20190220 ,22
자연,산방산,20190221 ,19
자연,산방산,20190222 ,14
자연,산방산,20190223 ,18
자연,산방산,20190224 ,11
자연,산방산,20190225 ,32
자연,산방산,20190226 ,23
자연,산방산,20190227 ,26
자연,산방산,20190228 ,19
자연,산방산,20190301 ,24
자연,섭지코지,20190101 ,14
자연,섭지코지,20190102 ,9
자연,섭지코지,20190103 ,12
자연,섭지코지,20190104 ,12
자연,섭지코지,20190105 ,12
자연,섭지코지,20190106 ,3
자연,섭지코지,20190107 ,9
자연,섭지코지,20190108 ,9
자연,섭지코지,20190109 ,8
자연,섭지코지,20190110 ,8
자연,섭지코지,20190111 ,4
자연,섭지코지,20190112 ,10
자연,섭지코지,20190113 ,2
자연,섭지코지,20190114 ,5
자연,섭지코지,20190115 ,7
자연,섭지코지,20190116 ,11
자연,섭지코지,20190117 ,8
자연,섭지코지,20190118 ,5
자연,섭지코지,20190119 ,6
자연,섭지코지,20190120 ,5
자연,섭지코지,20190121 ,9
자연,섭지코지,20190122 ,10
자연,섭지코지,20190123 ,3
자연,섭지코지,20190124 ,7
자연,섭지코지,20190125 ,9
자연,섭지코지,20190126 ,4
자연,섭지코지,20190127 ,6
자연,섭지코지,20190128 ,7
자연,섭지코지,20190129 ,4
자연,섭지코지,20190130 ,7
자연,섭지코지,20190131 ,11
자연,섭지코지,20190201 ,9
자연,섭지코지,20190202 ,5
자연,섭지코지,20190203 ,6
자연,섭지코지,20190204 ,8
자연,섭지코지,20190205 ,4
자연,섭지코지,20190206 ,9
자연,섭지코지,20190207 ,10
자연,섭지코지,20190208 ,8
자연,섭지코지,20190209 ,6
자연,섭지코지,20190210 ,8
자연,섭지코지,20190211 ,16
자연,섭지코지,20190212 ,7
자연,섭지코지,20190213 ,14
자연,섭지코지,20190214 ,6
자연,섭지코지,20190215 ,5
자연,섭지코지,20190216 ,3
자연,섭지코지,20190217 ,8
자연,섭지코지,20190218 ,6
자연,섭지코지,20190219 ,10
자연,섭지코지,20190220 ,10
자연,섭지코지,20190221 ,10
자연,섭지코지,20190222 ,7
자연,섭지코지,20190223 ,9
자연,섭지코지,20190224 ,9
자연,섭지코지,20190225 ,10
자연,섭지코지,20190226 ,4
자연,섭지코지,20190227 ,11
자연,섭지코지,20190228 ,14
자연,섭지코지,20190301 ,8
자연,가파도,20190302 ,3
자연,가파도,20190303 ,2
자연,가파도,20190304 ,5
자연,가파도,20190305 ,4
자연,가파도,20190306 ,5
자연,가파도,20190307 ,6
자연,가파도,20190308 ,9
자연,가파도,20190309 ,7
자연,가파도,20190310 ,5
자연,가파도,20190311 ,5
자연,가파도,20190312 ,7
자연,가파도,20190313 ,13
자연,가파도,20190314 ,9
자연,가파도,20190315 ,13
자연,가파도,20190316 ,6
자연,가파도,20190317 ,10
자연,가파도,20190318 ,11
자연,가파도,20190319 ,11
자연,가파도,20190320 ,12
자연,가파도,20190321 ,6
자연,가파도,20190322 ,11
자연,가파도,20190323 ,6
자연,가파도,20190324 ,8
자연,가파도,20190325 ,14
자연,가파도,20190326 ,14
자연,가파도,20190327 ,10
자연,가파도,20190328 ,13
자연,가파도,20190329 ,19
자연,가파도,20190330 ,8
자연,가파도,20190331 ,12
자연,가파도,20190401 ,21
자연,가파도,20190402 ,10
자연,가파도,20190403 ,15
자연,가파도,20190404 ,17
자연,가파도,20190405 ,8
자연,가파도,20190406 ,10
자연,가파도,20190407 ,8
자연,가파도,20190408 ,15
자연,가파도,20190409 ,21
자연,가파도,20190410 ,18
자연,가파도,20190411 ,14
자연,가파도,20190412 ,22
자연,가파도,20190413 ,12
자연,가파도,20190414 ,13
자연,가파도,20190415 ,30
자연,가파도,20190416 ,27
자연,가파도,20190417 ,20
자연,가파도,20190418 ,24
자연,가파도,20190419 ,18
자연,가파도,20190420 ,19
자연,가파도,20190421 ,14
자연,가파도,20190422 ,20
자연,가파도,20190423 ,22
자연,가파도,20190424 ,14
자연,가파도,20190425 ,15
자연,가파도,20190426 ,14
자연,가파도,20190427 ,11
자연,가파도,20190428 ,21
자연,가파도,20190429 ,29
자연,가파도,20190430 ,27
자연,마라도,20190302 ,7
자연,마라도,20190303 ,8
자연,마라도,20190304 ,10
자연,마라도,20190305 ,8
자연,마라도,20190306 ,13
자연,마라도,20190307 ,15
자연,마라도,20190308 ,18
자연,마라도,20190309 ,10
자연,마라도,20190310 ,8
자연,마라도,20190311 ,15
자연,마라도,20190312 ,14
자연,마라도,20190313 ,11
자연,마라도,20190314 ,18
자연,마라도,20190315 ,12
자연,마라도,20190316 ,10
자연,마라도,20190317 ,12
자연,마라도,20190318 ,18
자연,마라도,20190319 ,17
자연,마라도,20190320 ,11
자연,마라도,20190321 ,17
자연,마라도,20190322 ,14
자연,마라도,20190323 ,8
자연,마라도,20190324 ,11
자연,마라도,20190325 ,15
자연,마라도,20190326 ,11
자연,마라도,20190327 ,9
자연,마라도,20190328 ,15
자연,마라도,20190329 ,16
자연,마라도,20190330 ,10
자연,마라도,20190331 ,4
자연,마라도,20190401 ,20
자연,마라도,20190402 ,13
자연,마라도,20190403 ,23
자연,마라도,20190404 ,22
자연,마라도,20190405 ,8
자연,마라도,20190406 ,15
자연,마라도,20190407 ,9
자연,마라도,20190408 ,16
자연,마라도,20190409 ,15
자연,마라도,20190410 ,13
자연,마라도,20190411 ,10
자연,마라도,20190412 ,22
자연,마라도,20190413 ,11
자연,마라도,20190414 ,11
자연,마라도,20190415 ,23
자연,마라도,20190416 ,16
자연,마라도,20190417 ,11
자연,마라도,20190418 ,13
자연,마라도,20190419 ,14
자연,마라도,20190420 ,16
자연,마라도,20190421 ,12
자연,마라도,20190422 ,13
자연,마라도,20190423 ,13
자연,마라도,20190424 ,18
자연,마라도,20190425 ,20
자연,마라도,20190426 ,14
자연,마라도,20190427 ,15
자연,마라도,20190428 ,10
자연,마라도,20190429 ,22
자연,마라도,20190430 ,12
자연,비양도,20190302 ,9
자연,비양도,20190303 ,2
자연,비양도,20190304 ,5
자연,비양도,20190305 ,10
자연,비양도,20190306 ,12
자연,비양도,20190307 ,4
자연,비양도,20190308 ,9
자연,비양도,20190309 ,5
자연,비양도,20190310 ,7
자연,비양도,20190311 ,2
자연,비양도,20190312 ,7
자연,비양도,20190313 ,5
자연,비양도,20190314 ,2
자연,비양도,20190315 ,9
자연,비양도,20190316 ,5
자연,비양도,20190317 ,4
자연,비양도,20190318 ,5
자연,비양도,20190319 ,3
자연,비양도,20190320 ,6
자연,비양도,20190321 ,5
자연,비양도,20190322 ,4
자연,비양도,20190323 ,3
자연,비양도,20190324 ,2
자연,비양도,20190325 ,16
자연,비양도,20190326 ,10
자연,비양도,20190327 ,8
자연,비양도,20190328 ,5
자연,비양도,20190329 ,4
자연,비양도,20190330 ,8
자연,비양도,20190331 ,7
자연,비양도,20190401 ,6
자연,비양도,20190402 ,10
자연,비양도,20190403 ,6
자연,비양도,20190404 ,8
자연,비양도,20190405 ,8
자연,비양도,20190406 ,6
자연,비양도,20190407 ,4
자연,비양도,20190408 ,10
자연,비양도,20190409 ,8
자연,비양도,20190410 ,7
자연,비양도,20190411 ,6
자연,비양도,20190412 ,9
자연,비양도,20190413 ,6
자연,비양도,20190414 ,7
자연,비양도,20190415 ,10
자연,비양도,20190416 ,6
자연,비양도,20190417 ,3
자연,비양도,20190418 ,4
자연,비양도,20190419 ,6
자연,비양도,20190420 ,3
자연,비양도,20190421 ,3
자연,비양도,20190422 ,8
자연,비양도,20190423 ,9
자연,비양도,20190424 ,6
자연,비양도,20190425 ,8
자연,비양도,20190426 ,4
자연,비양도,20190427 ,7
자연,비양도,20190428 ,8
자연,비양도,20190429 ,9
자연,비양도,20190430 ,3
자연,비자림,20190302 ,6
자연,비자림,20190303 ,4
자연,비자림,20190304 ,11
자연,비자림,20190305 ,4
자연,비자림,20190306 ,8
자연,비자림,20190307 ,9
자연,비자림,20190308 ,3
자연,비자림,20190309 ,6
자연,비자림,20190310 ,4
자연,비자림,20190311 ,10
자연,비자림,20190312 ,7
자연,비자림,20190313 ,7
자연,비자림,20190314 ,9
자연,비자림,20190315 ,3
자연,비자림,20190316 ,2
자연,비자림,20190317 ,5
자연,비자림,20190318 ,6
자연,비자림,20190319 ,6
자연,비자림,20190320 ,13
자연,비자림,20190321 ,6
자연,비자림,20190322 ,3
자연,비자림,20190323 ,6
자연,비자림,20190324 ,11
자연,비자림,20190325 ,9
자연,비자림,20190326 ,10
자연,비자림,20190327 ,8
자연,비자림,20190328 ,5
자연,비자림,20190329 ,4
자연,비자림,20190330 ,6
자연,비자림,20190331 ,7
자연,비자림,20190401 ,10
자연,비자림,20190402 ,8
자연,비자림,20190403 ,5
자연,비자림,20190404 ,11
자연,비자림,20190405 ,9
자연,비자림,20190406 ,7
자연,비자림,20190407 ,7
자연,비자림,20190408 ,9
자연,비자림,20190409 ,4
자연,비자림,20190410 ,4
자연,비자림,20190411 ,5
자연,비자림,20190412 ,8
자연,비자림,20190413 ,3
자연,비자림,20190414 ,6
자연,비자림,20190415 ,5
자연,비자림,20190416 ,1
자연,비자림,20190417 ,5
자연,비자림,20190418 ,9
자연,비자림,20190419 ,9
자연,비자림,20190420 ,8
자연,비자림,20190421 ,4
자연,비자림,20190422 ,7
자연,비자림,20190423 ,7
자연,비자림,20190424 ,10
자연,비자림,20190425 ,6
자연,비자림,20190426 ,4
자연,비자림,20190427 ,3
자연,비자림,20190428 ,3
자연,비자림,20190429 ,7
자연,비자림,20190430 ,6
자연,섭지코지,20190314 ,10
자연,섭지코지,20190315 ,8
자연,섭지코지,20190316 ,7
자연,섭지코지,20190317 ,10
자연,섭지코지,20190318 ,11
자연,섭지코지,20190319 ,12
자연,섭지코지,20190320 ,10
자연,섭지코지,20190321 ,12
자연,섭지코지,20190322 ,9
자연,섭지코지,20190323 ,10
자연,섭지코지,20190324 ,8
자연,섭지코지,20190325 ,8
자연,섭지코지,20190326 ,9
자연,섭지코지,20190327 ,12
자연,섭지코지,20190328 ,12
자연,섭지코지,20190329 ,12
자연,섭지코지,20190330 ,4
자연,섭지코지,20190331 ,11
자연,섭지코지,20190401 ,13
자연,섭지코지,20190402 ,8
자연,섭지코지,20190403 ,8
자연,섭지코지,20190404 ,9
자연,섭지코지,20190405 ,8
자연,섭지코지,20190406 ,6
자연,섭지코지,20190407 ,6
자연,섭지코지,20190408 ,13
자연,섭지코지,20190409 ,12
자연,섭지코지,20190410 ,7
자연,섭지코지,20190411 ,9
자연,섭지코지,20190412 ,9
자연,섭지코지,20190413 ,6
자연,섭지코지,20190414 ,11
자연,섭지코지,20190415 ,15
자연,섭지코지,20190416 ,10
자연,섭지코지,20190417 ,6
자연,섭지코지,20190418 ,8
자연,섭지코지,20190419 ,7
자연,섭지코지,20190420 ,3
자연,섭지코지,20190421 ,3
자연,섭지코지,20190422 ,12
자연,섭지코지,20190423 ,11
자연,섭지코지,20190424 ,10
자연,섭지코지,20190425 ,11
자연,섭지코지,20190426 ,13
자연,섭지코지,20190427 ,1
자연,섭지코지,20190428 ,5
자연,섭지코지,20190429 ,7
자연,섭지코지,20190430 ,7
자연,산방산,20190302 ,17
자연,산방산,20190303 ,8
자연,산방산,20190304 ,29
자연,산방산,20190305 ,23
자연,산방산,20190306 ,26
자연,산방산,20190307 ,26
자연,산방산,20190308 ,22
자연,산방산,20190309 ,21
자연,산방산,20190310 ,14
자연,산방산,20190311 ,24
자연,산방산,20190312 ,26
자연,산방산,20190313 ,40
자연,산방산,20190314 ,28
자연,산방산,20190315 ,26
자연,산방산,20190316 ,22
자연,산방산,20190317 ,16
자연,산방산,20190318 ,31
자연,산방산,20190319 ,34
자연,산방산,20190320 ,21
자연,산방산,20190321 ,25
자연,산방산,20190322 ,26
자연,산방산,20190323 ,12
자연,산방산,20190324 ,20
자연,산방산,20190325 ,30
자연,산방산,20190326 ,21
자연,산방산,20190327 ,38
자연,산방산,20190328 ,14
자연,산방산,20190329 ,24
자연,산방산,20190330 ,17
자연,산방산,20190331 ,11
자연,산방산,20190401 ,21
자연,산방산,20190402 ,13
자연,산방산,20190403 ,26
자연,산방산,20190404 ,21
자연,산방산,20190405 ,13
자연,산방산,20190406 ,21
자연,산방산,20190407 ,13
자연,산방산,20190408 ,19
자연,산방산,20190409 ,21
자연,산방산,20190410 ,23
자연,산방산,20190411 ,20
자연,산방산,20190412 ,27
자연,산방산,20190413 ,8
자연,산방산,20190414 ,13
자연,산방산,20190415 ,21
자연,산방산,20190416 ,13
자연,산방산,20190417 ,26
자연,산방산,20190418 ,25
자연,산방산,20190419 ,23
자연,산방산,20190420 ,16
자연,산방산,20190421 ,17
자연,산방산,20190422 ,19
자연,산방산,20190423 ,19
자연,산방산,20190424 ,20
자연,산방산,20190425 ,24
자연,산방산,20190426 ,16
자연,산방산,20190427 ,10
자연,산방산,20190428 ,13
자연,산방산,20190429 ,21
자연,산방산,20190430 ,20
자연,가파도,20190501 ,13
자연,가파도,20190502 ,17
자연,가파도,20190503 ,18
자연,가파도,20190504 ,17
자연,가파도,20190505 ,15
자연,가파도,20190506 ,9
자연,가파도,20190507 ,15
자연,가파도,20190508 ,14
자연,가파도,20190509 ,11
자연,가파도,20190510 ,23
자연,가파도,20190511 ,7
자연,가파도,20190512 ,8
자연,가파도,20190513 ,10
자연,가파도,20190514 ,14
자연,가파도,20190515 ,14
자연,가파도,20190516 ,14
자연,가파도,20190517 ,7
자연,가파도,20190518 ,6
자연,가파도,20190519 ,9
자연,가파도,20190520 ,9
자연,가파도,20190521 ,8
자연,가파도,20190522 ,5
자연,가파도,20190523 ,12
자연,가파도,20190524 ,9
자연,가파도,20190525 ,5
자연,가파도,20190526 ,10
자연,가파도,20190527 ,9
자연,가파도,20190528 ,5
자연,가파도,20190529 ,5
자연,가파도,20190530 ,5
자연,가파도,20190531 ,6
자연,마라도,20190501 ,15
자연,마라도,20190502 ,9
자연,마라도,20190503 ,16
자연,마라도,20190504 ,14
자연,마라도,20190505 ,10
자연,마라도,20190506 ,11
자연,마라도,20190507 ,25
자연,마라도,20190508 ,12
자연,마라도,20190509 ,17
자연,마라도,20190510 ,23
자연,마라도,20190511 ,14
자연,마라도,20190512 ,10
자연,마라도,20190513 ,24
자연,마라도,20190514 ,21
자연,마라도,20190515 ,17
자연,마라도,20190516 ,13
자연,마라도,20190517 ,12
자연,마라도,20190518 ,11
자연,마라도,20190519 ,11
자연,마라도,20190520 ,16
자연,마라도,20190521 ,11
자연,마라도,20190522 ,14
자연,마라도,20190523 ,15
자연,마라도,20190524 ,8
자연,마라도,20190525 ,11
자연,마라도,20190526 ,9
자연,마라도,20190527 ,13
자연,마라도,20190528 ,16
자연,마라도,20190529 ,12
자연,마라도,20190530 ,21
자연,마라도,20190531 ,25
자연,비양도,20190501 ,5
자연,비양도,20190502 ,5
자연,비양도,20190503 ,9
자연,비양도,20190504 ,6
자연,비양도,20190505 ,9
자연,비양도,20190506 ,10
자연,비양도,20190507 ,7
자연,비양도,20190508 ,7
자연,비양도,20190509 ,5
자연,비양도,20190510 ,8
자연,비양도,20190511 ,9
자연,비양도,20190512 ,8
자연,비양도,20190513 ,10
자연,비양도,20190514 ,6
자연,비양도,20190515 ,10
자연,비양도,20190516 ,13
자연,비양도,20190517 ,9
자연,비양도,20190518 ,4
자연,비양도,20190519 ,6
자연,비양도,20190520 ,17
자연,비양도,20190521 ,9
자연,비양도,20190522 ,6
자연,비양도,20190523 ,9
자연,비양도,20190524 ,2
자연,비양도,20190525 ,2
자연,비양도,20190526 ,4
자연,비양도,20190527 ,11
자연,비양도,20190528 ,6
자연,비양도,20190529 ,5
자연,비양도,20190530 ,3
자연,비양도,20190531 ,8
자연,비자림,20190501 ,6
자연,비자림,20190502 ,1
자연,비자림,20190503 ,6
자연,비자림,20190504 ,7
자연,비자림,20190505 ,5
자연,비자림,20190506 ,6
자연,비자림,20190507 ,5
자연,비자림,20190508 ,4
자연,비자림,20190509 ,2
자연,비자림,20190510 ,9
자연,비자림,20190511 ,2
자연,비자림,20190512 ,7
자연,비자림,20190513 ,5
자연,비자림,20190514 ,5
자연,비자림,20190515 ,8
자연,비자림,20190516 ,7
자연,비자림,20190517 ,9
자연,비자림,20190518 ,7
자연,비자림,20190519 ,2
자연,비자림,20190520 ,9
자연,비자림,20190521 ,13
자연,비자림,20190522 ,11
자연,비자림,20190523 ,8
자연,비자림,20190524 ,7
자연,비자림,20190525 ,2
자연,비자림,20190526 ,3
자연,비자림,20190527 ,9
자연,비자림,20190528 ,11
자연,비자림,20190529 ,5
자연,비자림,20190530 ,6
자연,비자림,20190531 ,6
자연,산방산,20190501 ,9
자연,산방산,20190502 ,20
자연,산방산,20190503 ,20
자연,산방산,20190504 ,8
자연,산방산,20190505 ,10
자연,산방산,20190506 ,12
자연,산방산,20190507 ,11
자연,산방산,20190508 ,16
자연,산방산,20190509 ,12
자연,산방산,20190510 ,13
자연,산방산,20190511 ,6
자연,산방산,20190512 ,10
자연,산방산,20190513 ,10
자연,산방산,20190514 ,16
자연,산방산,20190515 ,15
자연,산방산,20190516 ,12
자연,산방산,20190517 ,15
자연,산방산,20190518 ,11
자연,산방산,20190519 ,9
자연,산방산,20190520 ,6
자연,산방산,20190521 ,11
자연,산방산,20190522 ,16
자연,산방산,20190523 ,16
자연,산방산,20190524 ,11
자연,산방산,20190525 ,11
자연,산방산,20190526 ,7
자연,산방산,20190527 ,9
자연,산방산,20190528 ,14
자연,산방산,20190529 ,12
자연,산방산,20190530 ,16
자연,산방산,20190531 ,15
자연,섭지코지,20190501 ,8
자연,섭지코지,20190502 ,5
자연,섭지코지,20190503 ,7
자연,섭지코지,20190504 ,4
자연,섭지코지,20190505 ,6
자연,섭지코지,20190506 ,5
자연,섭지코지,20190507 ,8
자연,섭지코지,20190508 ,9
자연,섭지코지,20190509 ,9
자연,섭지코지,20190510 ,8
자연,섭지코지,20190511 ,4
자연,섭지코지,20190512 ,7
자연,섭지코지,20190513 ,8
자연,섭지코지,20190514 ,5
자연,섭지코지,20190515 ,7
자연,섭지코지,20190516 ,11
자연,섭지코지,20190517 ,6
자연,섭지코지,20190518 ,4
자연,섭지코지,20190519 ,4
자연,섭지코지,20190520 ,8
자연,섭지코지,20190521 ,8
자연,섭지코지,20190522 ,9
자연,섭지코지,20190523 ,6
자연,섭지코지,20190524 ,4
자연,섭지코지,20190525 ,7
자연,섭지코지,20190526 ,10
자연,섭지코지,20190527 ,9
자연,섭지코지,20190528 ,11
자연,섭지코지,20190529 ,8
자연,섭지코지,20190530 ,5
자연,섭지코지,20190531 ,3
자연,가파도,20190601 ,4
자연,가파도,20190602 ,6
자연,가파도,20190603 ,3
자연,가파도,20190604 ,6
자연,가파도,20190605 ,6
자연,가파도,20190606 ,5
자연,가파도,20190607 ,7
자연,가파도,20190608 ,5
자연,가파도,20190609 ,2
자연,가파도,20190610 ,10
자연,가파도,20190611 ,2
자연,가파도,20190612 ,5
자연,가파도,20190613 ,4
자연,가파도,20190614 ,3
자연,가파도,20190615 ,3
자연,가파도,20190616 ,5
자연,가파도,20190617 ,4
자연,가파도,20190618 ,9
자연,가파도,20190619 ,7
자연,가파도,20190620 ,4
자연,가파도,20190621 ,11
자연,가파도,20190622 ,2
자연,가파도,20190623 ,5
자연,가파도,20190624 ,3
자연,가파도,20190625 ,5
자연,가파도,20190626 ,3
자연,가파도,20190627 ,2
자연,가파도,20190628 ,6
자연,가파도,20190629 ,2
자연,가파도,20190630 ,6
자연,마라도,20190601 ,13
자연,마라도,20190602 ,14
자연,마라도,20190603 ,16
자연,마라도,20190604 ,15
자연,마라도,20190605 ,14
자연,마라도,20190606 ,10
자연,마라도,20190607 ,9
자연,마라도,20190608 ,7
자연,마라도,20190609 ,5
자연,마라도,20190610 ,14
자연,마라도,20190611 ,15
자연,마라도,20190612 ,12
자연,마라도,20190613 ,8
자연,마라도,20190614 ,10
자연,마라도,20190615 ,10
자연,마라도,20190616 ,8
자연,마라도,20190617 ,24
자연,마라도,20190618 ,8
자연,마라도,20190619 ,18
자연,마라도,20190620 ,12
자연,마라도,20190621 ,21
자연,마라도,20190622 ,10
자연,마라도,20190623 ,11
자연,마라도,20190624 ,16
자연,마라도,20190625 ,16
자연,마라도,20190626 ,13
자연,마라도,20190627 ,12
자연,마라도,20190628 ,8
자연,마라도,20190629 ,4
자연,마라도,20190630 ,13
자연,비양도,20190601 ,7
자연,비양도,20190602 ,7
자연,비양도,20190603 ,10
자연,비양도,20190604 ,8
자연,비양도,20190605 ,8
자연,비양도,20190606 ,5
자연,비양도,20190607 ,7
자연,비양도,20190608 ,6
자연,비양도,20190609 ,6
자연,비양도,20190610 ,10
자연,비양도,20190611 ,7
자연,비양도,20190612 ,8
자연,비양도,20190613 ,7
자연,비양도,20190614 ,6
자연,비양도,20190615 ,7
자연,비양도,20190616 ,7
자연,비양도,20190617 ,9
자연,비양도,20190618 ,9
자연,비양도,20190619 ,13
자연,비양도,20190620 ,5
자연,비양도,20190621 ,9
자연,비양도,20190622 ,4
자연,비양도,20190623 ,4
자연,비양도,20190624 ,8
자연,비양도,20190625 ,9
자연,비양도,20190626 ,12
자연,비양도,20190627 ,9
자연,비양도,20190628 ,4
자연,비양도,20190629 ,3
자연,비양도,20190630 ,5
자연,비자림,20190601 ,9
자연,비자림,20190602 ,10
자연,비자림,20190603 ,4
자연,비자림,20190604 ,5
자연,비자림,20190605 ,4
자연,비자림,20190606 ,6
자연,비자림,20190607 ,7
자연,비자림,20190608 ,6
자연,비자림,20190609 ,6
자연,비자림,20190610 ,7
자연,비자림,20190611 ,7
자연,비자림,20190612 ,7
자연,비자림,20190613 ,8
자연,비자림,20190614 ,4
자연,비자림,20190615 ,6
자연,비자림,20190616 ,1
자연,비자림,20190617 ,5
자연,비자림,20190618 ,3
자연,비자림,20190619 ,12
자연,비자림,20190620 ,7
자연,비자림,20190621 ,1
자연,비자림,20190622 ,10
자연,비자림,20190623 ,4
자연,비자림,20190624 ,9
자연,비자림,20190625 ,3
자연,비자림,20190626 ,6
자연,비자림,20190627 ,8
자연,비자림,20190628 ,6
자연,비자림,20190629 ,4
자연,비자림,20190630 ,6
자연,산방산,20190601 ,16
자연,산방산,20190602 ,16
자연,산방산,20190603 ,15
자연,산방산,20190604 ,15
자연,산방산,20190605 ,17
자연,산방산,20190606 ,5
자연,산방산,20190607 ,11
자연,산방산,20190608 ,20
자연,산방산,20190609 ,10
자연,산방산,20190610 ,17
자연,산방산,20190611 ,16
자연,산방산,20190612 ,12
자연,산방산,20190613 ,21
자연,산방산,20190614 ,13
자연,산방산,20190615 ,6
자연,산방산,20190616 ,11
자연,산방산,20190617 ,15
자연,산방산,20190618 ,18
자연,산방산,20190619 ,21
자연,산방산,20190620 ,15
자연,산방산,20190621 ,21
자연,산방산,20190622 ,12
자연,산방산,20190623 ,15
자연,산방산,20190624 ,10
자연,산방산,20190625 ,19
자연,산방산,20190626 ,14
자연,산방산,20190627 ,17
자연,산방산,20190628 ,13
자연,산방산,20190629 ,10
자연,산방산,20190630 ,6
자연,섭지코지,20190601 ,7
자연,섭지코지,20190602 ,4
자연,섭지코지,20190603 ,5
자연,섭지코지,20190604 ,10
자연,섭지코지,20190605 ,9
자연,섭지코지,20190606 ,8
자연,섭지코지,20190607 ,9
자연,섭지코지,20190608 ,7
자연,섭지코지,20190609 ,7
자연,섭지코지,20190610 ,12
자연,섭지코지,20190611 ,11
자연,섭지코지,20190612 ,7
자연,섭지코지,20190613 ,8
자연,섭지코지,20190614 ,4
자연,섭지코지,20190615 ,8
자연,섭지코지,20190616 ,16
자연,섭지코지,20190617 ,15
자연,섭지코지,20190618 ,8
자연,섭지코지,20190619 ,9
자연,섭지코지,20190620 ,7
자연,섭지코지,20190621 ,5
자연,섭지코지,20190622 ,10
자연,섭지코지,20190623 ,6
자연,섭지코지,20190624 ,14
자연,섭지코지,20190625 ,11
자연,섭지코지,20190626 ,11
자연,섭지코지,20190627 ,12
자연,섭지코지,20190628 ,14
자연,섭지코지,20190629 ,1
자연,섭지코지,20190630 ,4
자연,가파도,20190701 ,1
자연,가파도,20190702 ,6
자연,가파도,20190703 ,5
자연,가파도,20190704 ,4
자연,가파도,20190705 ,8
자연,가파도,20190706 ,2
자연,가파도,20190707 ,2
자연,가파도,20190708 ,5
자연,가파도,20190709 ,5
자연,가파도,20190710 ,3
자연,가파도,20190711 ,5
자연,가파도,20190712 ,1
자연,가파도,20190713 ,6
자연,가파도,20190714 ,2
자연,가파도,20190716 ,5
자연,가파도,20190717 ,2
자연,가파도,20190718 ,3
자연,가파도,20190719 ,5
자연,가파도,20190720 ,3
자연,가파도,20190721 ,4
자연,가파도,20190722 ,2
자연,가파도,20190723 ,7
자연,가파도,20190724 ,4
자연,가파도,20190725 ,6
자연,가파도,20190726 ,4
자연,가파도,20190727 ,4
자연,가파도,20190728 ,3
자연,가파도,20190729 ,6
자연,가파도,20190730 ,4
자연,가파도,20190731 ,6
자연,마라도,20190701 ,9
자연,마라도,20190702 ,15
자연,마라도,20190703 ,14
자연,마라도,20190704 ,10
자연,마라도,20190705 ,11
자연,마라도,20190706 ,4
자연,마라도,20190707 ,8
자연,마라도,20190708 ,13
자연,마라도,20190709 ,8
자연,마라도,20190710 ,10
자연,마라도,20190711 ,15
자연,마라도,20190712 ,11
자연,마라도,20190713 ,11
자연,마라도,20190714 ,10
자연,마라도,20190715 ,9
자연,마라도,20190716 ,10
자연,마라도,20190717 ,12
자연,마라도,20190718 ,15
자연,마라도,20190719 ,19
자연,마라도,20190720 ,11
자연,마라도,20190721 ,13
자연,마라도,20190722 ,15
자연,마라도,20190723 ,16
자연,마라도,20190724 ,19
자연,마라도,20190725 ,18
자연,마라도,20190726 ,10
자연,마라도,20190727 ,11
자연,마라도,20190728 ,12
자연,마라도,20190729 ,15
자연,마라도,20190730 ,17
자연,마라도,20190731 ,13
자연,비양도,20190701 ,4
자연,비양도,20190702 ,5
자연,비양도,20190703 ,5
자연,비양도,20190704 ,10
자연,비양도,20190705 ,8
자연,비양도,20190706 ,10
자연,비양도,20190707 ,8
자연,비양도,20190708 ,6
자연,비양도,20190709 ,8
자연,비양도,20190710 ,7
자연,비양도,20190711 ,5
자연,비양도,20190712 ,5
자연,비양도,20190713 ,8
자연,비양도,20190714 ,7
자연,비양도,20190715 ,7
자연,비양도,20190716 ,10
자연,비양도,20190717 ,9
자연,비양도,20190718 ,5
자연,비양도,20190719 ,10
자연,비양도,20190720 ,4
자연,비양도,20190721 ,4
자연,비양도,20190722 ,7
자연,비양도,20190723 ,5
자연,비양도,20190724 ,11
자연,비양도,20190725 ,8
자연,비양도,20190726 ,6
자연,비양도,20190727 ,4
자연,비양도,20190728 ,10
자연,비양도,20190729 ,12
자연,비양도,20190730 ,8
자연,비양도,20190731 ,11
자연,비자림,20190701 ,5
자연,비자림,20190702 ,5
자연,비자림,20190703 ,3
자연,비자림,20190704 ,8
자연,비자림,20190705 ,10
자연,비자림,20190706 ,4
자연,비자림,20190707 ,8
자연,비자림,20190708 ,8
자연,비자림,20190709 ,6
자연,비자림,20190710 ,9
자연,비자림,20190711 ,5
자연,비자림,20190712 ,7
자연,비자림,20190713 ,6
자연,비자림,20190714 ,5
자연,비자림,20190715 ,9
자연,비자림,20190716 ,3
자연,비자림,20190717 ,6
자연,비자림,20190718 ,9
자연,비자림,20190719 ,10
자연,비자림,20190720 ,7
자연,비자림,20190721 ,6
자연,비자림,20190722 ,9
자연,비자림,20190723 ,7
자연,비자림,20190724 ,6
자연,비자림,20190725 ,9
자연,비자림,20190726 ,1
자연,비자림,20190727 ,8
자연,비자림,20190728 ,3
자연,비자림,20190729 ,6
자연,비자림,20190730 ,4
자연,비자림,20190731 ,5
자연,산방산,20190701 ,10
자연,산방산,20190702 ,14
자연,산방산,20190703 ,12
자연,산방산,20190704 ,6
자연,산방산,20190705 ,10
자연,산방산,20190706 ,14
자연,산방산,20190707 ,9
자연,산방산,20190708 ,15
자연,산방산,20190709 ,5
자연,산방산,20190710 ,10
자연,산방산,20190711 ,16
자연,산방산,20190712 ,10
자연,산방산,20190713 ,11
자연,산방산,20190714 ,4
자연,산방산,20190715 ,14
자연,산방산,20190716 ,14
자연,산방산,20190717 ,10
자연,산방산,20190718 ,15
자연,산방산,20190719 ,16
자연,산방산,20190720 ,13
자연,산방산,20190721 ,10
자연,산방산,20190722 ,10
자연,산방산,20190723 ,9
자연,산방산,20190724 ,9
자연,산방산,20190725 ,11
자연,산방산,20190726 ,10
자연,산방산,20190727 ,10
자연,산방산,20190728 ,9
자연,산방산,20190729 ,11
자연,산방산,20190730 ,10
자연,산방산,20190731 ,12
자연,섭지코지,20190701 ,11
자연,섭지코지,20190702 ,6
자연,섭지코지,20190703 ,5
자연,섭지코지,20190704 ,11
자연,섭지코지,20190705 ,12
자연,섭지코지,20190706 ,6
자연,섭지코지,20190707 ,3
자연,섭지코지,20190708 ,12
자연,섭지코지,20190709 ,4
자연,섭지코지,20190710 ,11
자연,섭지코지,20190711 ,4
자연,섭지코지,20190712 ,10
자연,섭지코지,20190713 ,4
자연,섭지코지,20190714 ,8
자연,섭지코지,20190715 ,11
자연,섭지코지,20190716 ,9
자연,섭지코지,20190717 ,4
자연,섭지코지,20190718 ,7
자연,섭지코지,20190719 ,6
자연,섭지코지,20190720 ,4
자연,섭지코지,20190721 ,7
자연,섭지코지,20190722 ,5
자연,섭지코지,20190723 ,12
자연,섭지코지,20190724 ,6
자연,섭지코지,20190725 ,14
자연,섭지코지,20190726 ,5
자연,섭지코지,20190727 ,7
자연,섭지코지,20190728 ,6
자연,섭지코지,20190729 ,4
자연,섭지코지,20190730 ,6
자연,섭지코지,20190731 ,10
자연,가파도,20190801 ,7
자연,가파도,20190802 ,4
자연,가파도,20190803 ,4
자연,가파도,20190804 ,6
자연,가파도,20190805 ,6
자연,가파도,20190806 ,3
자연,가파도,20190807 ,4
자연,가파도,20190808 ,5
자연,가파도,20190809 ,5
자연,가파도,20190810 ,3
자연,가파도,20190811 ,5
자연,가파도,20190812 ,2
자연,가파도,20190813 ,2
자연,가파도,20190814 ,4
자연,가파도,20190815 ,3
자연,가파도,20190816 ,2
자연,가파도,20190817 ,5
자연,가파도,20190818 ,5
자연,가파도,20190819 ,2
자연,가파도,20190820 ,2
자연,가파도,20190821 ,3
자연,가파도,20190822 ,5
자연,가파도,20190823 ,4
자연,가파도,20190824 ,1
자연,가파도,20190825 ,3
자연,가파도,20190826 ,4
자연,가파도,20190827 ,4
자연,가파도,20190828 ,5
자연,가파도,20190829 ,6
자연,가파도,20190830 ,8
자연,가파도,20190831 ,3
자연,마라도,20190801 ,18
자연,마라도,20190802 ,11
자연,마라도,20190803 ,9
자연,마라도,20190804 ,17
자연,마라도,20190805 ,14
자연,마라도,20190806 ,16
자연,마라도,20190807 ,13
자연,마라도,20190808 ,12
자연,마라도,20190809 ,15
자연,마라도,20190810 ,11
자연,마라도,20190811 ,13
자연,마라도,20190812 ,14
자연,마라도,20190813 ,10
자연,마라도,20190814 ,19
자연,마라도,20190815 ,14
자연,마라도,20190816 ,8
자연,마라도,20190817 ,10
자연,마라도,20190818 ,6
자연,마라도,20190819 ,16
자연,마라도,20190820 ,11
자연,마라도,20190821 ,15
자연,마라도,20190822 ,7
자연,마라도,20190823 ,18
자연,마라도,20190824 ,30
자연,마라도,20190825 ,31
자연,마라도,20190826 ,17
자연,마라도,20190827 ,8
자연,마라도,20190828 ,12
자연,마라도,20190829 ,11
자연,마라도,20190830 ,17
자연,마라도,20190831 ,11
자연,비양도,20190801 ,9
자연,비양도,20190802 ,11
자연,비양도,20190803 ,9
자연,비양도,20190804 ,5
자연,비양도,20190805 ,7
자연,비양도,20190806 ,3
자연,비양도,20190807 ,12
자연,비양도,20190808 ,13
자연,비양도,20190809 ,9
자연,비양도,20190810 ,3
자연,비양도,20190811 ,7
자연,비양도,20190812 ,9
자연,비양도,20190813 ,11
자연,비양도,20190814 ,11
자연,비양도,20190815 ,4
자연,비양도,20190816 ,9
자연,비양도,20190817 ,8
자연,비양도,20190818 ,3
자연,비양도,20190819 ,7
자연,비양도,20190820 ,13
자연,비양도,20190821 ,8
자연,비양도,20190822 ,9
자연,비양도,20190823 ,10
자연,비양도,20190824 ,5
자연,비양도,20190825 ,7
자연,비양도,20190826 ,8
자연,비양도,20190827 ,3
자연,비양도,20190828 ,11
자연,비양도,20190829 ,5
자연,비양도,20190830 ,5
자연,비양도,20190831 ,5
자연,비자림,20190801 ,4
자연,비자림,20190802 ,3
자연,비자림,20190803 ,8
자연,비자림,20190804 ,4
자연,비자림,20190805 ,7
자연,비자림,20190806 ,4
자연,비자림,20190807 ,4
자연,비자림,20190808 ,4
자연,비자림,20190809 ,7
자연,비자림,20190810 ,4
자연,비자림,20190811 ,2
자연,비자림,20190812 ,4
자연,비자림,20190813 ,10
자연,비자림,20190814 ,6
자연,비자림,20190815 ,9
자연,비자림,20190816 ,7
자연,비자림,20190817 ,4
자연,비자림,20190818 ,2
자연,비자림,20190819 ,6
자연,비자림,20190820 ,8
자연,비자림,20190821 ,6
자연,비자림,20190822 ,9
자연,비자림,20190823 ,10
자연,비자림,20190824 ,5
자연,비자림,20190825 ,4
자연,비자림,20190826 ,1
자연,비자림,20190827 ,2
자연,비자림,20190828 ,7
자연,비자림,20190829 ,4
자연,비자림,20190830 ,14
자연,비자림,20190831 ,8
자연,산방산,20190801 ,20
자연,산방산,20190802 ,19
자연,산방산,20190803 ,4
자연,산방산,20190804 ,11
자연,산방산,20190805 ,8
자연,산방산,20190806 ,8
자연,산방산,20190807 ,18
자연,산방산,20190808 ,17
자연,산방산,20190809 ,15
자연,산방산,20190810 ,5
자연,산방산,20190811 ,7
자연,산방산,20190812 ,12
자연,산방산,20190813 ,13
자연,산방산,20190814 ,12
자연,산방산,20190815 ,10
자연,산방산,20190816 ,14
자연,산방산,20190817 ,10
자연,산방산,20190818 ,6
자연,산방산,20190819 ,11
자연,산방산,20190820 ,12
자연,산방산,20190821 ,11
자연,산방산,20190822 ,12
자연,산방산,20190823 ,8
자연,산방산,20190824 ,9
자연,산방산,20190825 ,8
자연,산방산,20190826 ,17
자연,산방산,20190827 ,9
자연,산방산,20190828 ,21
자연,산방산,20190829 ,18
자연,산방산,20190830 ,16
자연,산방산,20190831 ,10
자연,섭지코지,20190801 ,7
자연,섭지코지,20190802 ,8
자연,섭지코지,20190803 ,6
자연,섭지코지,20190804 ,6
자연,섭지코지,20190805 ,10
자연,섭지코지,20190806 ,4
자연,섭지코지,20190807 ,3
자연,섭지코지,20190808 ,15
자연,섭지코지,20190809 ,5
자연,섭지코지,20190810 ,2
자연,섭지코지,20190811 ,3
자연,섭지코지,20190812 ,8
자연,섭지코지,20190813 ,8
자연,섭지코지,20190814 ,12
자연,섭지코지,20190815 ,2
자연,섭지코지,20190816 ,10
자연,섭지코지,20190817 ,8
자연,섭지코지,20190818 ,3
자연,섭지코지,20190819 ,6
자연,섭지코지,20190820 ,5
자연,섭지코지,20190821 ,6
자연,섭지코지,20190822 ,11
자연,섭지코지,20190823 ,7
자연,섭지코지,20190824 ,4
자연,섭지코지,20190825 ,5
자연,섭지코지,20190826 ,6
자연,섭지코지,20190827 ,10
자연,섭지코지,20190828 ,14
자연,섭지코지,20190829 ,8
자연,섭지코지,20190830 ,12
자연,섭지코지,20190831 ,5
